year,PM2.5,PM10,SO2,NO2,CO,O3,TEMP
2013,599678.0,800049.0,160528.8728,432114.5004,8314182.0,397868.4438,113815.4
2014,775942.8,1017011.5,202598.2,563638.7,11931000.0,479123.0,121572.4
2015,719600.0,931170.0,123309.5,481209.7,11511500.0,497716.2,118038.657142857
2016,677627.0,921783.0,100842.0,469605.0,10258300.0,482819.0,121851.39186507936
2017,134776.0,164645.0,30116.0,91914.0,2101100.0,64793.0,941.0958333333333
