year,PM2.5,PM10,SO2,NO2,CO,O3,TEMP
2013,82.49414488017429,112.93545751633987,23.599468736383443,63.355328812636166,1164.1168300653594,47.24156318082788,15.497739651416122
2014,89.81204337899544,122.343299086758,21.53989726027397,63.145194063926944,1187.5456621004566,48.604600456621,13.878127853881278
2015,81.80625570776256,112.14812785388128,14.354200913242009,60.955262557077624,1436.6780821917807,63.58299086757991,13.474732550554469
2016,74.25341530054645,94.44205373406193,10.837545537340619,48.43351548269581,1190.6306921675773,61.88695355191257,13.871970840742186
2017,94.39477401129943,107.01341807909604,20.843220338983052,66.21610169491525,1667.6553672316384,47.43997175141243,0.6646157015065913
