year,PM2.5,PM10,SO2,NO2,CO,O3,TEMP
2013,81.5119825708061,112.5404411764706,17.50926557734205,61.51038717913708,1342.625408496732,55.76759338235294,15.932856753812635
2014,90.56932648401828,134.82126712328767,21.32663242009132,62.416187214611874,1442.4086757990867,60.25331050228311,14.431735159817352
2015,83.71505707762557,116.37118721461187,13.337454337899544,49.61089041095891,1323.2876712328766,60.711312785388124,14.02651233469726
2016,77.44330601092896,111.09255464480874,10.20787795992714,49.78620218579235,1171.4025500910748,59.501707650273225,13.547277499493738
2017,101.06002824858757,126.37641242937853,20.603813559322035,62.320621468926554,1805.2966101694915,28.915254237288135,0.37408261378289875
