year,PM2.5,PM10,SO2,NO2,CO,O3,TEMP
2013,83.20642701525054,108.29847494553377,18.201187254901964,53.17870002723312,1311.4523420479302,55.22549784858388,15.963657407407409
2014,86.76280821917808,114.91309360730592,19.7586301369863,56.1677397260274,1338.5958904109589,56.66246575342466,13.88115296803653
2015,82.11796803652969,102.83923515981735,11.808013698630136,52.04231735159817,1302.3858447488585,60.3669292237443,13.428693737769064
2016,73.80418943533698,97.27197176684882,8.948315118397085,49.95765027322405,1196.2431693989072,55.517531876138435,13.871970840742186
2017,97.97104519774011,125.9385593220339,14.064971751412429,63.9590395480226,1764.4774011299435,35.74293785310734,0.6646157015065913
