year,PM2.5,PM10,SO2,NO2,CO,O3,TEMP
2013,556429.0,699055.0,110805.9408,305651.8461,9119979.0,410060.9494,114089.8
2014,746637.1,977872.7,155391.3,410018.7,10291200.0,507309.3,121229.2
2015,714294.6,879513.7,91481.5,377349.6,10415800.0,452225.2,116075.7
2016,634803.0,773480.0,84003.0,373343.0,9664400.0,471555.0,117619.99337301587
2017,134908.0,151328.0,30051.0,78701.0,2534400.0,59461.0,-20.6772619047619
