year,PM2.5,PM10,SO2,NO2,CO,O3,TEMP
2013,504010.0,723653.0,134385.0688,257553.6576,7260573.0,471770.19,107665.5
2014,675909.6,874946.6,154042.9,324360.0,9383300.0,596466.7,112132.1
2015,618072.5,790183.3,75836.9,248073.1,9103000.0,531109.7,108689.40714285715
2016,535091.0,722610.0,58317.0,239328.0,8152700.0,468486.0,109043.78206349206
2017,104549.0,129778.0,13847.0,54974.0,1862900.0,66047.0,-1673.425119047619
