year,PM2.5,PM10,SO2,NO2,CO,O3,TEMP
2013,598624.0,826497.0,128588.0464,450502.0757,9860241.0,409557.2058,117010.9
2014,793387.3,1181034.3,186821.3,546765.8,12635500.0,527819.0,126422.0
2015,733343.9,1019411.6,116836.1,434591.4,11592000.0,531831.1,122872.248051948
2016,680262.0,975837.0,89666.0,437322.0,10289600.0,522663.0,118999.285555553
2017,143101.0,178949.0,29175.0,88246.0,2556300.0,40944.0,529.7009811165847
