year,PM2.5,PM10,SO2,NO2,CO,O3,TEMP
2013,83.81896786492375,111.19192538126362,21.792032897603487,55.952713248910676,1411.1669389978213,52.71864599673202,15.854153050108932
2014,90.55093607305936,127.18215753424657,23.191609589041096,61.81006849315068,1442.2945205479452,56.42469178082192,14.29263698630137
2015,84.33958904109589,111.21095890410959,14.387248858447489,52.754543378995436,1364.8287671232877,59.23119863013699,13.563499673842122
2016,78.1254553734062,98.78164845173042,10.632172131147541,50.18260473588342,1223.9184881602914,58.31318306010929,13.871970840742186
2017,106.31285310734464,121.73446327683615,18.578389830508474,64.19915254237289,1739.5480225988701,34.09604519774011,0.6646157015065913
