year,PM2.5,PM10,SO2,NO2,CO,O3,TEMP
2013,91.49278322440087,112.38187636165577,23.618170915032678,68.55393218954248,1289.7510893246188,43.97788145424837,15.497739651416122
2014,90.41534246575343,131.24736301369862,25.075844748858447,75.7629794520548,1383.390410958904,40.21189988584475,13.87840182648402
2015,80.25496575342466,106.55224885844748,14.855125570776256,60.05583333333333,1327.945205479452,51.67357305936073,13.35238856273103
2016,71.43932149362477,92.88740892531877,10.660063752276868,58.26479963570127,1232.5705828779599,53.20343806921676,13.413614738738543
2017,93.88841807909604,110.66313559322033,20.341101694915253,69.08262711864407,1800.5649717514125,35.71468926553672,0.4104490348399247
