year,PM2.5,PM10,SO2,NO2,CO,O3,TEMP
2013,65.23910675381264,78.9384531590414,13.95942091503268,28.78208676110052,940.1307189542483,64.5861531862745,15.961397058823529
2014,75.68963470319635,91.57630136986302,14.877134703196347,27.371381278538813,891.2100456621005,72.74430365296803,14.172511415525113
2015,64.38350456621005,85.38720319634703,11.32269406392694,26.82332191780822,963.972602739726,71.12690639269405,13.566915905631658
2016,61.71960382513661,80.62340619307832,7.165414389799635,25.380578324225866,870.9244080145719,75.37943989071039,13.49941980976776
2017,68.26129943502825,78.52542372881356,13.257062146892656,34.23446327683616,1157.415254237288,53.842514124293785,0.40625344700026905
