year,PM10_Guanyuan,PM10_Dongsi,PM10_Dingling,PM10_Changping,PM10_Aotizhongxin,PM10_Gucheng,PM10_Huairou,PM10_Nongzhanguan,PM10_Shunyi,PM10_Tiantan,PM10_Wanliu,PM10_Wanshouxigong
2013,108.9391339869281,104.62704248366013,78.9384531590414,91.16435185185185,112.93545751633987,112.5404411764706,98.53662854030502,103.75068082788671,95.18722766884531,108.29847494553377,112.38187636165577,111.19192538126362
2014,116.09720319634704,117.46522831050228,91.57630136986302,107.65291095890412,122.343299086758,134.82126712328767,99.87974885844748,127.24482876712328,111.62930365296803,114.91309360730592,131.24736301369862,127.18215753424657
2015,106.29794520547945,112.14131278538812,85.38720319634703,93.2719406392694,112.14812785388128,116.37118721461187,90.20357305936074,107.01792237442922,100.40110730593607,102.83923515981735,106.55224885844748,111.21095890410959
2016,104.93886612021858,102.81306921675774,80.62340619307832,86.63365209471768,94.44205373406193,111.09255464480874,82.26434426229508,97.04838342440802,88.05555555555556,97.27197176684882,92.88740892531877,98.78164845173042
2017,116.27471751412429,131.80437853107344,78.52542372881356,94.13418079096046,107.01341807909604,126.37641242937853,91.65112994350282,119.534604519774,106.87005649717514,125.9385593220339,110.66313559322033,121.73446327683615
