year,PM2.5,PM10,SO2,NO2,CO,O3,TEMP
2013,615566.5,816593.5,160040.6896,410916.7261,10363610.0,387165.7362,116432.9
2014,793226.2,1114115.7,203158.5,541456.2,12634500.0,494280.3,125203.5
2015,738814.8,974208.0,126032.3,462129.8,11955900.0,518865.3,118816.257142857
2016,686254.0,867698.0,93393.0,440804.0,10750900.0,512223.0,121851.39186507936
2017,150539.0,172376.0,26307.0,90906.0,2463200.0,48280.0,941.0958333333333
