year,PM2.5,PM10,SO2,NO2,CO,O3,TEMP
2013,84.42388344226579,103.75068082788671,23.24232483660131,59.530140917755986,1295.2400599128541,56.03380683551199,15.963657407407409
2014,92.04174657534246,127.24482876712328,24.878664383561645,62.29558219178083,1353.458904109589,59.28651826484018,13.88115296803653
2015,85.21670091324201,107.01792237442922,15.811906392694063,58.2616095890411,1382.8310502283105,61.347408675799095,13.42869373776908
2016,76.08617941712204,97.04838342440802,11.557490892531876,52.54405737704918,1209.7791438979964,60.19637978142077,13.871970840742186
2017,101.0635593220339,119.534604519774,20.615112994350284,58.22316384180791,1732.9096045197741,36.521186440677965,0.6646157015065913
