year,TEMP_Guanyuan,TEMP_Dongsi,TEMP_Dingling,TEMP_Changping,TEMP_Aotizhongxin,TEMP_Gucheng,TEMP_Huairou,TEMP_Nongzhanguan,TEMP_Shunyi,TEMP_Tiantan,TEMP_Wanliu,TEMP_Wanshouxigong
2013,15.497739651416122,15.963657407407409,15.961397058823529,15.961397058823529,15.497739651416122,15.932856753812635,14.660334967320262,15.963657407407409,15.53510348583878,15.963657407407409,15.497739651416122,15.854153050108932
2014,13.878127853881278,13.88115296803653,14.172511415525113,14.172511415525113,13.878127853881278,14.431735159817352,12.800468036529681,13.88115296803653,13.838949771689498,13.88115296803653,13.87840182648402,14.29263698630137
2015,13.474732550554453,13.428693737769064,13.566915905631658,13.566915905631658,13.474732550554469,14.02651233469726,12.40746656881931,13.42869373776908,13.250650684931507,13.428693737769064,13.35238856273103,13.563499673842122
2016,13.871970840742186,13.871970840742186,13.49941980976776,13.499419810008096,13.871970840742186,13.547277499493738,12.41390961560702,13.871970840742186,13.390254254669383,13.871970840742186,13.413614738738543,13.871970840742186
2017,0.6646157015065913,0.6646157015065913,0.40625344700026905,0.40625344700026905,0.6646157015065913,0.37408261378289875,-1.1817974004573581,0.6646157015065913,-0.014602586090933544,0.6646157015065913,0.4104490348399247,0.6646157015065913
