year,O3_Guanyuan,O3_Dongsi,O3_Dingling,O3_Changping,O3_Aotizhongxin,O3_Gucheng,O3_Huairou,O3_Nongzhanguan,O3_Shunyi,O3_Tiantan,O3_Wanliu,O3_Wanshouxigong
2013,54.17598635620915,64.45469515250545,64.5861531862745,61.14631416122005,47.24156318082788,55.76759338235294,64.23886029411764,56.03380683551199,55.8361859204793,55.22549784858388,43.97788145424837,52.71864599673202
2014,54.69440639269406,56.904543378995434,72.74430365296803,63.03042237442922,48.604600456621,60.25331050228311,68.08980593607305,59.28651826484018,57.912020547945204,56.66246575342466,40.21189988584475,56.42469178082192
2015,56.81691780821918,55.85286529680365,71.12690639269405,58.28947488584475,63.58299086757991,60.711312785388124,60.62896118721461,61.347408675799095,51.62388127853881,60.3669292237443,51.67357305936073,59.23119863013699
2016,54.96573315118397,57.50489526411658,75.37943989071039,53.99601548269581,61.88695355191257,59.501707650273225,53.334016393442624,60.19637978142077,53.68340163934426,55.517531876138435,53.20343806921676,58.31318306010929
2017,45.757768361581924,39.79943502824859,53.842514124293785,32.98375706214689,47.43997175141243,28.915254237288135,46.64336158192091,36.521186440677965,41.992231638418076,35.74293785310734,35.71468926553672,34.09604519774011
