year,PM2.5,PM10,SO2,NO2,CO,O3,TEMP
2013,479116.0,579724.0,102517.9872,211318.081,6904320.0,474320.709,117220.5
2014,663041.2,802208.4,130323.7,239773.3,7807000.0,637240.1,124151.2
2015,563999.5,747991.9,99186.8,234972.3,8444400.0,623071.7,118846.18333333333
2016,542145.0,708196.0,62941.0,222943.0,7650200.0,662133.0,118578.903609
2017,96658.0,111192.0,18772.0,48476.0,1638900.0,76241.0,575.254880952381
