year,PM2.5_Guanyuan,PM2.5_Dongsi,PM2.5_Dingling,PM2.5_Changping,PM2.5_Aotizhongxin,PM2.5_Gucheng,PM2.5_Huairou,PM2.5_Nongzhanguan,PM2.5_Shunyi,PM2.5_Tiantan,PM2.5_Wanliu,PM2.5_Wanshouxigong
2013,81.65550108932462,86.8193082788671,65.23910675381264,72.39392701525054,82.49414488017429,81.5119825708061,68.62881263616558,84.42388344226579,75.76647603485839,83.20642701525054,91.49278322440087,83.81896786492375
2014,88.57794520547945,88.01828767123287,75.68963470319635,79.96350456621005,89.81204337899544,90.56932648401828,77.1586301369863,92.04174657534246,85.23254566210045,86.76280821917808,90.41534246575343,90.55093607305936
2015,82.14611872146119,87.14542237442923,64.38350456621005,68.914600456621,81.80625570776256,83.71505707762557,70.55622146118722,85.21670091324201,81.5404794520548,82.11796803652969,80.25496575342466,84.33958904109589
2016,77.14332877959927,80.19546903460838,61.71960382513661,61.69114298724954,74.25341530054645,77.44330601092896,60.916552823315115,76.08617941712204,72.26810109289617,73.80418943533698,71.43932149362477,78.1254553734062
2017,95.18079096045197,102.21892655367232,68.26129943502825,79.79378531073446,94.39477401129943,101.06002824858757,73.8340395480226,101.0635593220339,95.27401129943503,97.97104519774011,93.88841807909604,106.31285310734464
