year,NO2_Guanyuan,NO2_Dongsi,NO2_Dingling,NO2_Changping,NO2_Aotizhongxin,NO2_Gucheng,NO2_Huairou,NO2_Nongzhanguan,NO2_Shunyi,NO2_Tiantan,NO2_Wanliu,NO2_Wanshouxigong
2013,58.8391204248366,57.32551345315904,28.78208676110052,40.95953007897603,63.355328812636166,61.51038717913708,35.06994248366013,59.530140917755986,41.619260089869286,53.17870002723312,68.55393218954248,55.952713248910676
2014,64.34231735159817,57.456963470319636,27.371381278538813,45.98158675799087,63.145194063926944,62.416187214611874,37.02739726027397,62.29558219178083,46.80578767123288,56.1677397260274,75.7629794520548,61.81006849315068
2015,54.932614155251144,50.336369863013694,26.82332191780822,42.74891552511416,60.955262557077624,49.61089041095891,28.31884703196347,58.2616095890411,43.07643835616438,52.04231735159817,60.05583333333333,52.754543378995436
2016,53.46140710382514,50.6415072859745,25.380578324225866,45.55806010928962,48.43351548269581,49.78620218579235,27.24590163934426,52.54405737704918,42.50261839708561,49.95765027322405,58.26479963570127,50.18260473588342
2017,64.91101694915254,57.88912429378531,34.23446327683616,50.98022598870057,66.21610169491525,62.320621468926554,38.82344632768361,58.22316384180791,55.579802259887,63.9590395480226,69.08262711864407,64.19915254237289
