year,TEMP_Guanyuan,TEMP_Dongsi,TEMP_Dingling,TEMP_Changping,TEMP_Aotizhongxin,TEMP_Gucheng,TEMP_Huairou,TEMP_Nongzhanguan,TEMP_Shunyi,TEMP_Tiantan,TEMP_Wanliu,TEMP_Wanshouxigong
2013,113815.4,117237.1,117220.5,117220.5,113815.4,117010.9,107665.5,117237.1,114089.8,117237.1,113815.4,116432.9
2014,121572.4,121598.9,124151.2,124151.2,121572.4,126422.0,112132.1,121598.9,121229.2,121598.9,121574.8,125203.5
2015,118038.657142857,117635.357142857,118846.18333333333,118846.18333333333,118038.65714285715,122872.248051948,108689.40714285715,117635.35714285714,116075.7,117635.357142857,116966.92380952381,118816.257142857
2016,121851.39186507936,121851.39186507936,118578.903609,118578.9036111111,121851.39186507936,118999.285555553,109043.78206349206,121851.39186507936,117619.99337301587,121851.39186507936,117825.19186507937,121851.39186507936
2017,941.0958333333333,941.0958333333333,575.254880952381,575.254880952381,941.0958333333333,529.7009811165847,-1673.425119047619,941.0958333333333,-20.6772619047619,941.0958333333333,581.1958333333333,941.0958333333333
