year,PM2.5,PM10,SO2,NO2,CO,O3,TEMP
2013,605837.0,829398.0,173314.4984,465281.5348,8549274.0,346942.04,113815.4
2014,786753.5,1071727.3,188689.5,553151.9,10402900.0,425776.3,121572.4
2015,716622.8,982417.6,125742.8,533968.1,12585300.0,556987.0,118038.65714285715
2016,652242.0,829579.0,95197.0,425440.0,10458500.0,543615.0,121851.39186507936
2017,133663.0,151531.0,29514.0,93762.0,2361400.0,67175.0,941.0958333333333
