year,PM2.5,PM10,SO2,NO2,CO,O3,TEMP
2013,531661.0,669511.0,140540.6448,300806.7889,7511605.0,449058.5312,117220.5
2014,700480.3,943039.5,186327.0,402798.7,10783200.0,552146.5,124151.2
2015,603691.9,817062.2,102528.2,374480.5,10185600.0,510615.8,118846.18333333333
2016,541895.0,760990.0,71519.0,400182.0,9922300.0,474301.0,118578.9036111111
2017,112988.0,133294.0,23283.0,72188.0,2174000.0,46705.0,575.254880952381
