year,PM2.5,PM10,SO2,NO2,CO,O3,TEMP
2013,72.39392701525054,91.16435185185185,19.136798039215687,40.95953007897603,1022.822031590414,61.14631416122005,15.961397058823529
2014,79.96350456621005,107.65291095890412,21.270205479452056,45.98158675799087,1230.958904109589,63.03042237442922,14.172511415525113
2015,68.914600456621,93.2719406392694,11.704132420091323,42.74891552511416,1162.7397260273972,58.28947488584475,13.566915905631658
2016,61.69114298724954,86.63365209471768,8.141962659380692,45.55806010928962,1129.5878870673953,53.99601548269581,13.499419810008096
2017,79.79378531073446,94.13418079096046,16.44279661016949,50.98022598870057,1535.3107344632767,32.98375706214689,0.40625344700026905
