year,PM2.5,PM10,SO2,NO2,CO,O3,TEMP
2013,611068.0,795344.0,133669.5192,390544.373,9631306.0,405576.0562,117237.1
2014,760042.2,1006638.7,173085.6,492029.4,11726100.0,496363.2,121598.9
2015,719353.4,900871.7,103438.2,455890.7,11408900.0,528814.3,117635.357142857
2016,648296.0,854437.0,78602.0,438828.0,10507800.0,487666.0,121851.39186507936
2017,138727.0,178329.0,19916.0,90566.0,2498500.0,50612.0,941.0958333333333
