year,PM2.5,PM10,SO2,NO2,CO,O3,TEMP
2013,637601.0,768381.0,174107.8624,420998.5708,9730798.0,473355.2812,117237.1
2014,771040.2,1028995.4,212117.4,503323.0,12097700.0,498483.8,121598.9
2015,763393.9,982357.9,133189.2,440946.6,11727800.0,489271.1,117635.357142857
2016,704437.0,903110.0,100715.0,444835.0,10861500.0,505123.0,121851.39186507936
2017,144742.0,186635.0,28843.0,81971.0,2302100.0,56356.0,941.0958333333333
