year,SO2_Guanyuan,SO2_Dongsi,SO2_Dingling,SO2_Changping,SO2_Aotizhongxin,SO2_Gucheng,SO2_Huairou,SO2_Nongzhanguan,SO2_Shunyi,SO2_Tiantan,SO2_Wanliu,SO2_Wanshouxigong
2013,21.858506644880176,23.70749760348584,13.95942091503268,19.136798039215687,23.599468736383443,17.50926557734205,18.298620479302834,23.24232483660131,15.087954901960783,18.201187254901964,23.618170915032678,21.792032897603487
2014,23.127648401826484,24.21431506849315,14.877134703196347,21.270205479452056,21.53989726027397,21.32663242009132,17.58480593607306,24.878664383561645,17.738732876712326,19.7586301369863,25.075844748858447,23.191609589041096
2015,14.07642694063927,15.204246575342466,11.32269406392694,11.704132420091323,14.354200913242009,13.337454337899544,8.657180365296803,15.811906392694063,10.443093607305936,11.808013698630136,14.855125570776256,14.387248858447489
2016,11.4801912568306,11.46573315118397,7.165414389799635,8.141962659380692,10.837545537340619,10.20787795992714,6.639002732240437,11.557490892531876,9.56318306010929,8.948315118397085,10.660063752276868,10.632172131147541
2017,21.268361581920903,20.369350282485875,13.257062146892656,16.44279661016949,20.843220338983052,20.603813559322035,9.778954802259888,20.615112994350284,21.222457627118644,14.064971751412429,20.341101694915253,18.578389830508474
