year,PM2.5,PM10,SO2,NO2,CO,O3,TEMP
2013,75.76647603485839,95.18722766884531,15.087954901960783,41.619260089869286,1241.827205882353,55.8361859204793,15.53510348583878
2014,85.23254566210045,111.62930365296803,17.738732876712326,46.80578767123288,1174.7945205479452,57.912020547945204,13.838949771689498
2015,81.5404794520548,100.40110730593607,10.443093607305936,43.07643835616438,1189.0182648401826,51.62388127853881,13.250650684931507
2016,72.26810109289617,88.05555555555556,9.56318306010929,42.50261839708561,1100.2276867030967,53.68340163934426,13.390254254669383
2017,95.27401129943503,106.87005649717514,21.222457627118644,55.579802259887,1789.8305084745762,41.992231638418076,-0.014602586090933544
