year,PM2.5,PM10,SO2,NO2,CO,O3,TEMP
2013,68.62881263616558,98.53662854030502,18.298620479302834,35.06994248366013,988.6401143790849,64.23886029411764,14.660334967320262
2014,77.1586301369863,99.87974885844748,17.58480593607306,37.02739726027397,1071.1529680365297,68.08980593607305,12.800468036529681
2015,70.55622146118722,90.20357305936074,8.657180365296803,28.31884703196347,1039.1552511415525,60.62896118721461,12.40746656881931
2016,60.916552823315115,82.26434426229508,6.639002732240437,27.24590163934426,928.1306921675774,53.334016393442624,12.41390961560702
2017,73.8340395480226,91.65112994350282,9.778954802259888,38.82344632768361,1315.6073446327684,46.64336158192091,-1.1817974004573581
