year,PM2.5,PM10,SO2,NO2,CO,O3,TEMP
2013,620009.0,761945.0,170691.6336,437189.3549,9512243.0,411512.2774,117237.1
2014,806285.7,1114664.7,217937.1,545709.3,11856300.0,519349.9,121598.9
2015,746498.3,937477.0,138512.3,510371.7,12113600.0,537403.3,117635.35714285714
2016,668341.0,852473.0,101521.0,461547.0,10626700.0,528765.0,121851.39186507936
2017,143106.0,169261.0,29191.0,82444.0,2453800.0,51714.0,941.0958333333333
