year,PM2.5,PM10,SO2,NO2,CO,O3,TEMP
2013,671923.0,825332.5,173451.8472,503460.078,9471932.0,322973.5614,113815.4
2014,792038.4,1149726.9,219664.4,663683.7,12118500.0,352256.243,121574.8
2015,703033.5,933397.7,130130.9,526089.1,11632800.0,452660.5,116966.92380952381
2016,627523.0,815923.0,93638.0,511798.0,10826900.0,467339.0,117825.19186507937
2017,132946.0,156699.0,28803.0,97821.0,2549600.0,50572.0,581.1958333333333
