year,PM2.5,PM10,SO2,NO2,CO,O3,TEMP
2013,81.65550108932462,108.9391339869281,21.858506644880176,58.8391204248366,1132.1053921568628,54.17598635620915,15.497739651416122
2014,88.57794520547945,116.09720319634704,23.127648401826484,64.34231735159817,1361.986301369863,54.69440639269406,13.878127853881278
2015,82.14611872146119,106.29794520547945,14.07642694063927,54.932614155251144,1314.0981735159817,56.81691780821918,13.474732550554453
2016,77.14332877959927,104.93886612021858,11.4801912568306,53.46140710382514,1167.8392531876138,54.96573315118397,13.871970840742186
2017,95.18079096045197,116.27471751412429,21.268361581920903,64.91101694915254,1483.8276836158193,45.757768361581924,0.6646157015065913
