year,PM2.5,PM10,SO2,NO2,CO,O3,TEMP
2013,86.8193082788671,104.62704248366013,23.70749760348584,57.32551345315904,1324.9997276688453,64.45469515250545,15.963657407407409
2014,88.01828767123287,117.46522831050228,24.21431506849315,57.456963470319636,1381.0159817351598,56.904543378995434,13.88115296803653
2015,87.14542237442923,112.14131278538812,15.204246575342466,50.336369863013694,1338.7899543378996,55.85286529680365,13.428693737769064
2016,80.19546903460838,102.81306921675774,11.46573315118397,50.6415072859745,1236.50956284153,57.50489526411658,13.871970840742186
2017,102.21892655367232,131.80437853107344,20.369350282485875,57.88912429378531,1625.776836158192,39.79943502824859,0.6646157015065913
