year,CO_Guanyuan,CO_Dongsi,CO_Dingling,CO_Changping,CO_Aotizhongxin,CO_Gucheng,CO_Huairou,CO_Nongzhanguan,CO_Shunyi,CO_Tiantan,CO_Wanliu,CO_Wanshouxigong
2013,1132.1053921568628,1324.9997276688453,940.1307189542483,1022.822031590414,1164.1168300653594,1342.625408496732,988.6401143790849,1295.2400599128541,1241.827205882353,1311.4523420479302,1289.7510893246188,1411.1669389978213
2014,1361.986301369863,1381.0159817351598,891.2100456621005,1230.958904109589,1187.5456621004566,1442.4086757990867,1071.1529680365297,1353.458904109589,1174.7945205479452,1338.5958904109589,1383.390410958904,1442.2945205479452
2015,1314.0981735159817,1338.7899543378996,963.972602739726,1162.7397260273972,1436.6780821917807,1323.2876712328766,1039.1552511415525,1382.8310502283105,1189.0182648401826,1302.3858447488585,1327.945205479452,1364.8287671232877
2016,1167.8392531876138,1236.50956284153,870.9244080145719,1129.5878870673953,1190.6306921675773,1171.4025500910748,928.1306921675774,1209.7791438979964,1100.2276867030967,1196.2431693989072,1232.5705828779599,1223.9184881602914
2017,1483.8276836158193,1625.776836158192,1157.415254237288,1535.3107344632767,1667.6553672316384,1805.2966101694915,1315.6073446327684,1732.9096045197741,1789.8305084745762,1764.4774011299435,1800.5649717514125,1739.5480225988701
